id,group,example,cell,side,purpose,prio,expected,status,exit_code,execs,blocked,timeline_impossible,pruned,violations,progress,summary,wall_s,cpu_s,rss_mb,cpus,parallel,pred_s,mem_gb,started,finished,cores,log,args
brp-031-A,rerun,brp_timed,"B4 boundary MAX=4 TR=27 SYNC=26 F=1 all w1 (timed only) [rerun, rule A]",timed,boundary,0,HOLDS (edge of (4)): explored=149764; baseline twin = A MAX=4 w1 baseline (time-independent counts),finished,0,5154,144610,0,69112,,"100000 explored (3560 execs, 96440 blocked)",TFSTATS execs=5154 blocked=144610 timeline_impossible=0 pruned=69112 | timed    model=Dkrt n=2 MAX=4 TD=1 T1=3 TR=27 SYNC=26 k=2 F=1 DC=28 prop=All  execs=5154 blocked=144610 impossible=0 explored=149764 judged=5154 p2_runs=0 p2_tr_side=0 p2_sync_side=0 p4_runs=0 client_runs=0 failed_file_runs=3809 timeout_runs=5153 restart_after_fail_runs=0 first_safe_after_timeout_runs=0 probe_nontrivial_runs=3808 confused_ack_runs=0 verdict=HOLDS time=86.827965428s | NOTE: no frame reached the receiver after it timed out. With one file that is exactly what (2) needs (compare the adjacent FIRE cell); with more files it means (2) was barely tested.,86.8,86.8,2,1,none,106.0,150.0,2026-09-30 16:41:08,2026-09-30 16:42:35,3,/local/sramezani/v8logs/brp-031-A.log,--mode timed --n 2 --max 4 --td 1 --t1 3 --tr 27 --sync 26 --k 2 --files 1 --property all --keep-going
brp-029-A,rerun,brp_timed,"B4 boundary MAX=4 TR=26 SYNC=26 F=1 all w1 (timed only) [rerun, rule A]",timed,boundary,0,"VIOLATED, true (2) TR side: p2_tr_side=256, explored=156548; baseline twin = A MAX=4 w1 baseline (time-independent counts)",finished,0,5218,151330,0,70136,,"100000 explored (3397 execs, 96603 blocked)",TFSTATS execs=5218 blocked=151330 timeline_impossible=0 pruned=70136 | timed    model=Dkrt n=2 MAX=4 TD=1 T1=3 TR=26 SYNC=26 k=2 F=1 DC=27 prop=All  execs=5218 blocked=151330 impossible=0 explored=156548 judged=5474 p2_runs=256 p2_tr_side=256 p2_sync_side=0 p4_runs=0 client_runs=0 failed_file_runs=3937 timeout_runs=5473 restart_after_fail_runs=0 first_safe_after_timeout_runs=256 probe_nontrivial_runs=3936 confused_ack_runs=0 verdict=VIOLATED time=141.182777145s,141.2,141.2,2,1,none,111.0,150.0,2026-09-30 16:41:08,2026-09-30 16:43:30,2,/local/sramezani/v8logs/brp-029-A.log,--mode timed --n 2 --max 4 --td 1 --t1 3 --tr 26 --sync 26 --k 2 --files 1 --property all --keep-going
brp-030-A,rerun,brp_timed,"B4 boundary MAX=4 TR=27 SYNC=25 F=1 all w1 (timed only) [rerun, rule A]",timed,boundary,0,"VIOLATED, true (4) at the tie: p4_runs=32, explored=150080; baseline twin = A MAX=4 w1 baseline (time-independent counts)",finished,0,5154,144926,0,69112,,"100000 explored (3560 execs, 96440 blocked)",TFSTATS execs=5154 blocked=144926 timeline_impossible=0 pruned=69112 | timed    model=Dkrt n=2 MAX=4 TD=1 T1=3 TR=27 SYNC=25 k=2 F=1 DC=28 prop=All  execs=5154 blocked=144926 impossible=0 explored=150080 judged=5186 p2_runs=0 p2_tr_side=0 p2_sync_side=0 p4_runs=32 client_runs=0 failed_file_runs=3841 timeout_runs=5185 restart_after_fail_runs=0 first_safe_after_timeout_runs=0 probe_nontrivial_runs=3840 confused_ack_runs=0 verdict=VIOLATED time=85.187882941s,85.2,85.2,2,1,none,100.0,150.0,2026-09-30 16:42:35,2026-09-30 16:44:01,3,/local/sramezani/v8logs/brp-030-A.log,--mode timed --n 2 --max 4 --td 1 --t1 3 --tr 27 --sync 25 --k 2 --files 1 --property all --keep-going
brp-041-A,rerun,brp_timed,"E n=3 MAX=2 TR=15 F=1 all w1 (n x MAX compound, both >=1 min) [rerun, rule A]",timed,ladder,0,"HOLDS (proof), impossible=0; execs=2876 blocked=155656 explored=158532 (measured 63.8 s)",finished,0,2876,155656,0,46232,,"100000 explored (1909 execs, 98091 blocked)",TFSTATS execs=2876 blocked=155656 timeline_impossible=0 pruned=46232 | timed    model=Dkrt n=3 MAX=2 TD=1 T1=3 TR=15 SYNC=15 k=2 F=1 DC=16 prop=All  execs=2876 blocked=155656 impossible=0 explored=158532 judged=2876 p2_runs=0 p2_tr_side=0 p2_sync_side=0 p4_runs=0 client_runs=0 failed_file_runs=1801 timeout_runs=2875 restart_after_fail_runs=0 first_safe_after_timeout_runs=0 probe_nontrivial_runs=1800 confused_ack_runs=0 verdict=HOLDS time=81.172944547s | NOTE: no frame reached the receiver after it timed out. With one file that is exactly what (2) needs (compare the adjacent FIRE cell); with more files it means (2) was barely tested.,81.2,81.2,2,1,none,75.0,150.0,2026-09-30 16:44:01,2026-09-30 16:45:23,3,/local/sramezani/v8logs/brp-041-A.log,--mode timed --n 3 --max 2 --td 1 --t1 3 --tr 15 --sync 15 --k 2 --files 1 --property all --keep-going
brp-003-A,rerun,brp_timed,"A MAX=4 n=2 F=1 all w1 (headline, both >=1 min) [rerun, rule A]",timed,headline,0,"HOLDS (proof), impossible=0; execs=5154 blocked=144610 explored=149764 (measured 76 s)",finished,0,5154,144610,0,69112,,"100000 explored (3560 execs, 96440 blocked)",TFSTATS execs=5154 blocked=144610 timeline_impossible=0 pruned=69112 | timed    model=Dkrt n=2 MAX=4 TD=1 T1=3 TR=27 SYNC=27 k=2 F=1 DC=28 prop=All  execs=5154 blocked=144610 impossible=0 explored=149764 judged=5154 p2_runs=0 p2_tr_side=0 p2_sync_side=0 p4_runs=0 client_runs=0 failed_file_runs=3809 timeout_runs=5153 restart_after_fail_runs=0 first_safe_after_timeout_runs=0 probe_nontrivial_runs=3808 confused_ack_runs=0 verdict=HOLDS time=138.038746336s | NOTE: no frame reached the receiver after it timed out. With one file that is exactly what (2) needs (compare the adjacent FIRE cell); with more files it means (2) was barely tested.,138.0,138.0,2,1,none,90.0,150.0,2026-09-30 16:43:30,2026-09-30 16:45:48,2,/local/sramezani/v8logs/brp-003-A.log,--mode timed --n 2 --max 4 --td 1 --t1 3 --tr 27 --sync 27 --k 2 --files 1 --property all --keep-going
brp-023-A,rerun,brp_timed,"B3 boundary MAX=3 TR=20 SYNC=20 F=1 all w1 [rerun, rule A]",timed,boundary,0,"VIOLATED, true (2) TR side: p2_tr_side=64, explored=33636; exit 0 with --keep-going, engine-certified (impossible=0)",finished,0,1122,32514,0,13176,,,TFSTATS execs=1122 blocked=32514 timeline_impossible=0 pruned=13176 | timed    model=Dkrt n=2 MAX=3 TD=1 T1=3 TR=20 SYNC=20 k=2 F=1 DC=21 prop=All  execs=1122 blocked=32514 impossible=0 explored=33636 judged=1186 p2_runs=64 p2_tr_side=64 p2_sync_side=0 p4_runs=0 client_runs=0 failed_file_runs=833 timeout_runs=1185 restart_after_fail_runs=0 first_safe_after_timeout_runs=64 probe_nontrivial_runs=832 confused_ack_runs=0 verdict=VIOLATED time=24.271824058s,24.3,24.2,2,1,none,21.0,150.0,2026-09-30 16:45:48,2026-09-30 16:46:13,2,/local/sramezani/v8logs/brp-023-A.log,--mode timed --n 2 --max 3 --td 1 --t1 3 --tr 20 --sync 20 --k 2 --files 1 --property all --keep-going
brp-038-A,rerun,brp_timed,"D n=4 MAX=1 TR=9 F=1 all w1 [rerun, rule A]",timed,ladder,0,"HOLDS (proof), impossible=0; explored=141910 (measured 55.6 s)",finished,0,1364,140546,0,30232,,"100000 explored (1016 execs, 98984 blocked)",TFSTATS execs=1364 blocked=140546 timeline_impossible=0 pruned=30232 | timed    model=Dkrt n=4 MAX=1 TD=1 T1=3 TR=9 SYNC=9 k=2 F=1 DC=10 prop=All  execs=1364 blocked=140546 impossible=0 explored=141910 judged=1364 p2_runs=0 p2_tr_side=0 p2_sync_side=0 p4_runs=0 client_runs=0 failed_file_runs=823 timeout_runs=1363 restart_after_fail_runs=0 first_safe_after_timeout_runs=0 probe_nontrivial_runs=822 confused_ack_runs=0 verdict=HOLDS time=72.537715454s | NOTE: no frame reached the receiver after it timed out. With one file that is exactly what (2) needs (compare the adjacent FIRE cell); with more files it means (2) was barely tested.,72.5,72.5,2,1,none,65.0,150.0,2026-09-30 16:45:23,2026-09-30 16:46:36,3,/local/sramezani/v8logs/brp-038-A.log,--mode timed --n 4 --max 1 --td 1 --t1 3 --tr 9 --sync 9 --k 2 --files 1 --property all --keep-going
brp-025-A,rerun,brp_timed,"B3 boundary MAX=3 TR=21 SYNC=19 F=1 all w1 [rerun, rule A]",timed,boundary,0,"VIOLATED, true (4) at the tie: p4_runs=16, explored=32096; exit 0 with --keep-going, engine-certified (impossible=0)",finished,0,1106,30990,0,12920,,,TFSTATS execs=1106 blocked=30990 timeline_impossible=0 pruned=12920 | timed    model=Dkrt n=2 MAX=3 TD=1 T1=3 TR=21 SYNC=19 k=2 F=1 DC=22 prop=All  execs=1106 blocked=30990 impossible=0 explored=32096 judged=1122 p2_runs=0 p2_tr_side=0 p2_sync_side=0 p4_runs=16 client_runs=0 failed_file_runs=817 timeout_runs=1121 restart_after_fail_runs=0 first_safe_after_timeout_runs=0 probe_nontrivial_runs=816 confused_ack_runs=0 verdict=VIOLATED time=23.178277291s,23.2,23.2,2,1,none,18.0,150.0,2026-09-30 16:46:13,2026-09-30 16:46:37,2,/local/sramezani/v8logs/brp-025-A.log,--mode timed --n 2 --max 3 --td 1 --t1 3 --tr 21 --sync 19 --k 2 --files 1 --property all --keep-going
brp-027-A,rerun,brp_timed,"B3 boundary MAX=3 TR=21 SYNC=20 F=1 all w1 [rerun, rule A]",timed,boundary,0,"HOLDS (edge of (4)): explored=31940; exit 0 with --keep-going, engine-certified (impossible=0)",finished,0,1106,30834,0,12920,,,TFSTATS execs=1106 blocked=30834 timeline_impossible=0 pruned=12920 | timed    model=Dkrt n=2 MAX=3 TD=1 T1=3 TR=21 SYNC=20 k=2 F=1 DC=22 prop=All  execs=1106 blocked=30834 impossible=0 explored=31940 judged=1106 p2_runs=0 p2_tr_side=0 p2_sync_side=0 p4_runs=0 client_runs=0 failed_file_runs=801 timeout_runs=1105 restart_after_fail_runs=0 first_safe_after_timeout_runs=0 probe_nontrivial_runs=800 confused_ack_runs=0 verdict=HOLDS time=19.396310154s | NOTE: no frame reached the receiver after it timed out. With one file that is exactly what (2) needs (compare the adjacent FIRE cell); with more files it means (2) was barely tested.,19.4,19.4,2,1,none,18.0,150.0,2026-09-30 16:46:36,2026-09-30 16:46:56,3,/local/sramezani/v8logs/brp-027-A.log,--mode timed --n 2 --max 3 --td 1 --t1 3 --tr 21 --sync 20 --k 2 --files 1 --property all --keep-going
brp-001-A,rerun,brp_timed,"A MAX=3 n=2 F=1 all w1 (headline, both >=10 s) [rerun, rule A]",timed,headline,0,"HOLDS (proof), impossible=0; execs=1106 blocked=30834 explored=31940 (measured 12.1 s, 12.6 s)",finished,0,1106,30834,0,12920,,,TFSTATS execs=1106 blocked=30834 timeline_impossible=0 pruned=12920 | timed    model=Dkrt n=2 MAX=3 TD=1 T1=3 TR=21 SYNC=21 k=2 F=1 DC=22 prop=All  execs=1106 blocked=30834 impossible=0 explored=31940 judged=1106 p2_runs=0 p2_tr_side=0 p2_sync_side=0 p4_runs=0 client_runs=0 failed_file_runs=801 timeout_runs=1105 restart_after_fail_runs=0 first_safe_after_timeout_runs=0 probe_nontrivial_runs=800 confused_ack_runs=0 verdict=HOLDS time=23.218314403s | NOTE: no frame reached the receiver after it timed out. With one file that is exactly what (2) needs (compare the adjacent FIRE cell); with more files it means (2) was barely tested.,23.2,23.2,2,1,none,15.0,150.0,2026-09-30 16:46:37,2026-09-30 16:47:01,2,/local/sramezani/v8logs/brp-001-A.log,--mode timed --n 2 --max 3 --td 1 --t1 3 --tr 21 --sync 21 --k 2 --files 1 --property all --keep-going
brp-036-A,rerun,brp_timed,"D n=3 MAX=1 TR=9 F=1 all w1 [rerun, rule A]",timed,ladder,0,"HOLDS (proof), impossible=0; explored=11748",finished,0,219,11529,0,2536,,,TFSTATS execs=219 blocked=11529 timeline_impossible=0 pruned=2536 | timed    model=Dkrt n=3 MAX=1 TD=1 T1=3 TR=9 SYNC=9 k=2 F=1 DC=10 prop=All  execs=219 blocked=11529 impossible=0 explored=11748 judged=219 p2_runs=0 p2_tr_side=0 p2_sync_side=0 p4_runs=0 client_runs=0 failed_file_runs=138 timeout_runs=218 restart_after_fail_runs=0 first_safe_after_timeout_runs=0 probe_nontrivial_runs=137 confused_ack_runs=0 verdict=HOLDS time=6.645347607s | NOTE: no frame reached the receiver after it timed out. With one file that is exactly what (2) needs (compare the adjacent FIRE cell); with more files it means (2) was barely tested.,6.6,6.6,2,1,none,6.0,150.0,2026-09-30 16:47:01,2026-09-30 16:47:08,2,/local/sramezani/v8logs/brp-036-A.log,--mode timed --n 3 --max 1 --td 1 --t1 3 --tr 9 --sync 9 --k 2 --files 1 --property all --keep-going
legacy-019-A,rerun,raft_leader_election,"N=3 delta=2 (rounds is a no-op; reference only, below 10 s) [rerun, rule A]",timed,ladder,0,hold (Election Safety); execs=2712 blocked=38503 (measured 7.6 s),finished,0,2712,38503,0,1408,,,TFSTATS execs=2712 blocked=38503 timeline_impossible=0 pruned=1408 | timed      nodes=3 R=1  execs=2712     blocked=38503  time=14.951837745s,14.9,14.9,2,1,none,10.0,32.0,2026-09-30 16:46:56,2026-09-30 16:47:11,3,/local/sramezani/v8logs/legacy-019-A.log,--mode timed --nodes 3 --rounds 1 --delta 2
brp-012-A,rerun,brp_timed,"A MAX=2 n=2 F=1 all w1 [rerun, rule A]",timed,ladder,0,"HOLDS (proof), impossible=0; explored=6460",finished,0,226,6234,0,2168,,,TFSTATS execs=226 blocked=6234 timeline_impossible=0 pruned=2168 | timed    model=Dkrt n=2 MAX=2 TD=1 T1=3 TR=15 SYNC=15 k=2 F=1 DC=16 prop=All  execs=226 blocked=6234 impossible=0 explored=6460 judged=226 p2_runs=0 p2_tr_side=0 p2_sync_side=0 p4_runs=0 client_runs=0 failed_file_runs=161 timeout_runs=225 restart_after_fail_runs=0 first_safe_after_timeout_runs=0 probe_nontrivial_runs=160 confused_ack_runs=0 verdict=HOLDS time=3.644780414s | NOTE: no frame reached the receiver after it timed out. With one file that is exactly what (2) needs (compare the adjacent FIRE cell); with more files it means (2) was barely tested.,3.6,3.6,2,1,none,3.0,150.0,2026-09-30 16:47:08,2026-09-30 16:47:12,2,/local/sramezani/v8logs/brp-012-A.log,--mode timed --n 2 --max 2 --td 1 --t1 3 --tr 15 --sync 15 --k 2 --files 1 --property all --keep-going
brp-010-A,rerun,brp_timed,"A MAX=1 n=2 F=1 all w1 [rerun, rule A]",timed,ladder,0,"HOLDS (proof), impossible=0; explored=1180",finished,0,42,1138,0,296,,,TFSTATS execs=42 blocked=1138 timeline_impossible=0 pruned=296 | timed    model=Dkrt n=2 MAX=1 TD=1 T1=3 TR=9 SYNC=9 k=2 F=1 DC=10 prop=All  execs=42 blocked=1138 impossible=0 explored=1180 judged=42 p2_runs=0 p2_tr_side=0 p2_sync_side=0 p4_runs=0 client_runs=0 failed_file_runs=30 timeout_runs=41 restart_after_fail_runs=0 first_safe_after_timeout_runs=0 probe_nontrivial_runs=29 confused_ack_runs=0 verdict=HOLDS time=506.386669ms | NOTE: no frame reached the receiver after it timed out. With one file that is exactly what (2) needs (compare the adjacent FIRE cell); with more files it means (2) was barely tested.,0.5,0.5,2,1,none,1.0,150.0,2026-09-30 16:47:11,2026-09-30 16:47:12,3,/local/sramezani/v8logs/brp-010-A.log,--mode timed --n 2 --max 1 --td 1 --t1 3 --tr 9 --sync 9 --k 2 --files 1 --property all --keep-going
brp-014-A,rerun,brp_timed,"A MAX=5 n=2 F=1 all w1 [rerun, rule A]",timed,ladder,0,"HOLDS (proof), impossible=0; explored=681252 (measured 544 s); baseline twin = the A MAX=5 w1 ceiling",finished,0,23362,657890,0,346616,,"600000 explored (20796 execs, 579204 blocked)",TFSTATS execs=23362 blocked=657890 timeline_impossible=0 pruned=346616 | timed    model=Dkrt n=2 MAX=5 TD=1 T1=3 TR=33 SYNC=33 k=2 F=1 DC=34 prop=All  execs=23362 blocked=657890 impossible=0 explored=681252 judged=23362 p2_runs=0 p2_tr_side=0 p2_sync_side=0 p4_runs=0 client_runs=0 failed_file_runs=17601 timeout_runs=23361 restart_after_fail_runs=0 first_safe_after_timeout_runs=0 probe_nontrivial_runs=17600 confused_ack_runs=0 verdict=HOLDS time=742.480521935s | NOTE: no frame reached the receiver after it timed out. With one file that is exactly what (2) needs (compare the adjacent FIRE cell); with more files it means (2) was barely tested.,742.5,742.5,2,1,none,600.0,150.0,2026-09-30 16:41:08,2026-09-30 16:53:31,1,/local/sramezani/v8logs/brp-014-A.log,--mode timed --n 2 --max 5 --td 1 --t1 3 --tr 33 --sync 33 --k 2 --files 1 --property all --keep-going
brp-015-A,rerun,brp_timed,"A MAX=6 n=2 F=1 all w1 (timed only) [rerun, rule A]",timed,ladder,0,"HOLDS (proof), impossible=0; explored=3040420 (2434 CPU-s on 7 workers)",finished,0,104066,2936354,0,1667064,,"3000000 explored (102805 execs, 2897195 blocked)",TFSTATS execs=104066 blocked=2936354 timeline_impossible=0 pruned=1667064 | timed    model=Dkrt n=2 MAX=6 TD=1 T1=3 TR=39 SYNC=39 k=2 F=1 DC=40 prop=All  execs=104066 blocked=2936354 impossible=0 explored=3040420 judged=104066 p2_runs=0 p2_tr_side=0 p2_sync_side=0 p4_runs=0 client_runs=0 failed_file_runs=79745 timeout_runs=104065 restart_after_fail_runs=0 first_safe_after_timeout_runs=0 probe_nontrivial_runs=79744 confused_ack_runs=0 verdict=HOLDS time=3968.715403305s | NOTE: no frame reached the receiver after it timed out. With one file that is exactly what (2) needs (compare the adjacent FIRE cell); with more files it means (2) was barely tested.,3968.7,3965.9,2,1,none,2700.0,150.0,2026-09-30 16:41:08,2026-09-30 17:47:17,0,/local/sramezani/v8logs/brp-015-A.log,--mode timed --n 2 --max 6 --td 1 --t1 3 --tr 39 --sync 39 --k 2 --files 1 --property all --keep-going
brp-007-A,rerun,brp_timed,"A MAX=8 n=2 F=1 all w6 (biggest comfortable timed) [rerun, rule A] [4 cores, not 6]",timed,headline,1,"HOLDS (proof), impossible=0; explored about 5.8e7 predicted (x4.35 over MAX=7), about 1.15 ms CPU per ending; band 9000-16000 s",finished,0,1997314,56437794,0,35627000,,"9400000 explored (301335 execs, 9098665 blocked)",TFSTATS execs=1997314 blocked=56437794 timeline_impossible=0 pruned=35627000 | timed    model=Dkrt n=2 MAX=8 TD=1 T1=3 TR=51 SYNC=51 k=2 F=1 DC=52 prop=All  execs=1997314 blocked=56437794 impossible=0 explored=58435108 judged=1997314 p2_runs=0 p2_tr_side=0 p2_sync_side=0 p4_runs=0 client_runs=0 failed_file_runs=1572353 timeout_runs=1997313 restart_after_fail_runs=0 first_safe_after_timeout_runs=0 probe_nontrivial_runs=1572352 confused_ack_runs=0 verdict=HOLDS time=22540.511448957s | NOTE: no frame reached the receiver after it timed out. With one file that is exactly what (2) needs (compare the adjacent FIRE cell); with more files it means (2) was barely tested.,22540.5,89646.4,15,4,"--workers 6 (shared queue); measured: timed C1 w6 12.8 s vs 93.8 s w1 (7.3x), MAX4 w7 12.0 s vs 76 s (6.3x), MAX5 w4 3.75x, MAX6 w7 364 s on 2434 CPU-s",12000.0,150.0,2026-09-30 17:47:17,2026-10-01 00:02:58,"0,1,2,3",/local/sramezani/v8logs/brp-007-A.log,--mode timed --n 2 --max 8 --td 1 --t1 3 --tr 51 --sync 51 --k 2 --files 1 --property all --keep-going --workers 6
brp-022-A,rerun,brp_timed,"A MAX=9 n=2 F=1 all w6 (top of the timed ladder) [rerun, rule A] [4 cores, not 6]",timed,ladder,2,"HOLDS (proof), impossible=0; explored about 2.5e8 predicted, about 1.35 ms CPU per ending; band 42000-90000 s",finished,0,8647682,244395042,0,160374776,,"42400000 explored (1462975 execs, 40937025 blocked)",TFSTATS execs=8647682 blocked=244395042 timeline_impossible=0 pruned=160374776 | timed    model=Dkrt n=2 MAX=9 TD=1 T1=3 TR=57 SYNC=57 k=2 F=1 DC=58 prop=All  execs=8647682 blocked=244395042 impossible=0 explored=253042724 judged=8647682 p2_runs=0 p2_tr_side=0 p2_sync_side=0 p4_runs=0 client_runs=0 failed_file_runs=6880257 timeout_runs=8647681 restart_after_fail_runs=0 first_safe_after_timeout_runs=0 probe_nontrivial_runs=6880256 confused_ack_runs=0 verdict=HOLDS time=99903.83821567s | NOTE: no frame reached the receiver after it timed out. With one file that is exactly what (2) needs (compare the adjacent FIRE cell); with more files it means (2) was barely tested.,99903.8,396843.1,21,4,"--workers 6 (shared queue); measured: timed C1 w6 12.8 s vs 93.8 s w1 (7.3x), MAX4 w7 12.0 s vs 76 s (6.3x), MAX5 w4 3.75x, MAX6 w7 364 s on 2434 CPU-s",60000.0,150.0,2026-10-01 00:02:58,2026-10-02 03:48:02,"0,1,2,3",/local/sramezani/v8logs/brp-022-A.log,--mode timed --n 2 --max 9 --td 1 --t1 3 --tr 57 --sync 57 --k 2 --files 1 --property all --keep-going --workers 6
